"Drug","AUC.CSCindex_Drug","AUC.CSCindex_Control","NormalizedAUC.CSCindex","Replicate"
"A",0.555663982935312,0.45,1.23480885096736,1
"A",0.538157063459966,0.45,1.19590458546659,2
"A",0.429761947335805,0.45,0.955026549635123,3
"B",0.690711894327785,0.45,1.53491532072841,1
"B",0.683408497670378,0.45,1.51868555037862,2
"B",0.486084404132387,0.45,1.08018756473864,3
