"Drug","Mean_Normalized_AUC","SD_Normalized_AUC"
"A",1.12857999535636,0.151555218847204
"B",1.37792947861522,0.257979721723568
