"Drug","Concentration_pM","log10_Concentration_pM","Mean_SVI","Mean_CSCindex","SD_SVI","SD_CSCindex"
"A",0,0,1,1,0.1884389,0.05725043
"A",1000,3,0.9473942,0.9526899,0.1876481,0.04940473
"A",10000,4,0.6037096,1.4720989,0.1371208,0.13503692
"A",1e+05,5,0.3432471,1.2643034,0.1154031,0.09889258
"A",1e+06,6,0.4040872,1.164781,0.1102833,0.01978549
